comp,block,day,trial,plate,location,animal,stdate,time,dist,sex,line
1,1,1,1,A,c1-001,DM1001,21/06/2016,14:03:27,1873.7,F,304
1,1,1,1,A,c1-002,DM1002,21/06/2016,14:03:27,7044.9,F,357
1,1,1,1,A,c1-003,DM1003,21/06/2016,14:03:27,12887.8,M,301
1,1,1,1,A,c1-004,DM1004,21/06/2016,14:03:27,8982.6,M,437
1,1,1,1,A,c1-005,DM1005,21/06/2016,14:03:27,7106.5,M,304
1,1,1,1,A,c1-006,DM1006,21/06/2016,14:03:27,5927.5,F,313
1,1,1,1,A,c1-007,DM1007,21/06/2016,14:03:27,8131.6,F,437
1,1,1,1,A,c1-008,DM1008,21/06/2016,14:03:27,3030,M,730
1,1,1,1,A,c1-009,DM1009,21/06/2016,14:03:27,4864,M,730
1,1,1,1,A,c1-010,DM1010,21/06/2016,14:03:27,8198.3,M,25120
1,1,1,1,A,c1-011,DM1011,21/06/2016,14:03:27,5462.2,F,707
1,1,1,1,A,c1-012,DM1012,21/06/2016,14:03:27,6891.4,M,555
1,1,1,1,A,c1-013,DM1013,21/06/2016,14:03:27,1842,F,365
1,1,1,1,A,c1-014,DM1014,21/06/2016,14:03:27,6671,F,307
1,1,1,1,A,c1-015,DM1015,21/06/2016,14:03:27,4003.1,M,28138
1,1,1,1,A,c1-016,DM1016,21/06/2016,14:03:27,18409.5,F,28138
1,1,1,1,B,c2-001,DM2017,21/06/2016,14:03:27,6142.1,F,730
1,1,1,1,B,c2-002,DM2018,21/06/2016,14:03:27,10104.2,M,307
1,1,1,1,B,c2-003,DM2019,21/06/2016,14:03:27,7025.3,M,357
1,1,1,1,B,c2-004,DM2020,21/06/2016,14:03:27,10666.2,M,313
1,1,1,1,B,c2-005,DM2021,21/06/2016,14:03:27,6780.1,F,360
1,1,1,1,B,c2-006,DM2022,21/06/2016,14:03:27,7559.9,F,799
1,1,1,1,B,c2-007,DM2023,21/06/2016,14:03:27,5475,M,304
1,1,1,1,B,c2-008,DM2024,21/06/2016,14:03:27,4034,F,714
1,1,1,1,B,c2-009,DM2025,21/06/2016,14:03:27,1420.6,F,707
1,1,1,1,B,c2-010,DM2026,21/06/2016,14:03:27,4535.7,M,365
1,1,1,1,B,c2-011,DM2027,21/06/2016,14:03:27,2861.8,F,304
1,1,1,1,B,c2-012,DM2028,21/06/2016,14:03:27,7049.3,M,315
1,1,1,1,B,c2-013,DM2029,21/06/2016,14:03:27,11197.6,M,437
1,1,1,1,B,c2-014,DM2030,21/06/2016,14:03:27,8317.2,M,799
1,1,1,1,B,c2-015,DM2031,21/06/2016,14:03:27,10257.7,F,315
1,1,1,1,B,c2-016,DM2032,21/06/2016,14:03:27,8258.4,F,375
2,1,1,1,C,c1-001,DM3001,21/06/2016,14:05:47,4755.5,F,730
2,1,1,1,C,c1-002,DM3002,21/06/2016,14:05:47,8241.5,M,375
2,1,1,1,C,c1-003,DM3003,21/06/2016,14:05:47,13857.4,M,437
2,1,1,1,C,c1-004,DM3004,21/06/2016,14:05:47,8916.1,M,730
2,1,1,1,C,c1-005,DM3005,21/06/2016,14:05:47,12516.3,M,707
2,1,1,1,C,c1-006,DM3006,21/06/2016,14:05:47,9166,M,707
2,1,1,1,C,c1-007,DM3007,21/06/2016,14:05:47,10174.4,M,437
2,1,1,1,C,c1-008,DM3008,21/06/2016,14:05:47,16965.3,M,712
2,1,1,1,C,c1-009,DM3009,21/06/2016,14:05:47,8102.8,F,301
2,1,1,1,C,c1-010,DM3010,21/06/2016,14:05:47,9148.6,F,437
2,1,1,1,C,c1-011,DM3011,21/06/2016,14:05:47,10948.3,M,707
2,1,1,1,C,c1-012,DM3012,21/06/2016,14:05:47,2457.9,M,714
2,1,1,1,C,c1-013,DM3013,21/06/2016,14:05:47,7598.5,M,25120
2,1,1,1,C,c1-014,DM3014,21/06/2016,14:05:47,12007.9,M,705
2,1,1,1,C,c1-015,DM3015,21/06/2016,14:05:47,8345.6,F,705
2,1,1,1,C,c1-016,DM3016,21/06/2016,14:05:47,7821.8,F,707
2,1,1,1,D,c2-001,DM4017,21/06/2016,14:05:47,7569.8,F,707
2,1,1,1,D,c2-002,DM4018,21/06/2016,14:05:47,3160.2,F,379
2,1,1,1,D,c2-003,DM4019,21/06/2016,14:05:47,11095.6,M,707
2,1,1,1,D,c2-004,DM4020,21/06/2016,14:05:47,14972,M,756
2,1,1,1,D,c2-005,DM4021,21/06/2016,14:05:47,8329.5,F,25120
2,1,1,1,D,c2-006,DM4022,21/06/2016,14:05:47,8939.4,F,437
2,1,1,1,D,c2-007,DM4023,21/06/2016,14:05:47,7076.2,M,730
2,1,1,1,D,c2-008,DM4024,21/06/2016,14:05:47,10518.1,F,437
2,1,1,1,D,c2-009,DM4025,21/06/2016,14:05:47,6014.4,F,25120
2,1,1,1,D,c2-010,DM4026,21/06/2016,14:05:47,2888.4,F,555
2,1,1,1,D,c2-011,DM4027,21/06/2016,14:05:47,3439.2,M,379
2,1,1,1,D,c2-012,DM4028,21/06/2016,14:05:47,2398.2,F,730
2,1,1,1,D,c2-013,DM4029,21/06/2016,14:05:47,8474.6,F,712
2,1,1,1,D,c2-014,DM4030,21/06/2016,14:05:47,8556.8,F,756
2,1,1,1,D,c2-015,DM4031,21/06/2016,14:05:47,8718.7,M,360
2,1,1,1,D,c2-016,DM4032,21/06/2016,14:05:47,5412.2,F,730
1,1,1,2,E,c1-001,DM1001,21/06/2016,17:12:23,2643.6,F,313
1,1,1,2,E,c1-002,DM1002,21/06/2016,17:12:23,4145.7,F,25120
1,1,1,2,E,c1-003,DM1003,21/06/2016,17:12:23,3260.1,F,555
1,1,1,2,E,c1-004,DM1004,21/06/2016,17:12:23,9927.7,M,360
1,1,1,2,E,c1-005,DM1005,21/06/2016,17:12:23,1720.7,F,730
1,1,1,2,E,c1-006,DM1006,21/06/2016,17:12:23,10738.4,F,301
1,1,1,2,E,c1-007,DM1007,21/06/2016,17:12:23,6402.2,M,714
1,1,1,2,E,c1-008,DM1008,21/06/2016,17:12:23,7157,M,357
1,1,1,2,E,c1-009,DM1009,21/06/2016,17:12:23,6061.4,F,437
1,1,1,2,E,c1-010,DM1010,21/06/2016,17:12:23,13572,F,712
1,1,1,2,E,c1-011,DM1011,21/06/2016,17:12:23,11792.6,M,707
1,1,1,2,E,c1-012,DM1012,21/06/2016,17:12:23,13408.5,M,315
1,1,1,2,E,c1-013,DM1013,21/06/2016,17:12:23,1905.1,M,730
1,1,1,2,E,c1-014,DM1014,21/06/2016,17:12:23,8282.6,F,315
1,1,1,2,E,c1-015,DM1015,21/06/2016,17:12:23,2799.9,M,730
1,1,1,2,E,c1-016,DM1016,21/06/2016,17:12:23,3986.9,M,705
1,1,1,2,G,c2-001,DM2017,21/06/2016,17:12:23,1685.5,F,730
1,1,1,2,G,c2-002,DM2018,21/06/2016,17:12:23,5479.1,M,304
1,1,1,2,G,c2-003,DM2019,21/06/2016,17:12:23,5268.1,M,304
1,1,1,2,G,c2-004,DM2020,21/06/2016,17:12:23,10474.7,F,360
1,1,1,2,G,c2-005,DM2021,21/06/2016,17:12:23,5350,F,799
1,1,1,2,G,c2-006,DM2022,21/06/2016,17:12:23,1425.6,F,730
1,1,1,2,G,c2-007,DM2023,21/06/2016,17:12:23,7883.4,F,304
1,1,1,2,G,c2-008,DM2024,21/06/2016,17:12:23,5746.4,F,357
1,1,1,2,G,c2-009,DM2025,21/06/2016,17:12:23,8393.4,M,375
1,1,1,2,G,c2-010,DM2026,21/06/2016,17:12:23,9115.8,M,379
1,1,1,2,G,c2-011,DM2027,21/06/2016,17:12:23,12680.4,M,25120
1,1,1,2,G,c2-012,DM2028,21/06/2016,17:12:23,6383.7,F,714
1,1,1,2,G,c2-013,DM2029,21/06/2016,17:12:23,1216.5,F,730
1,1,1,2,G,c2-014,DM2030,21/06/2016,17:12:23,10020.1,M,301
1,1,1,2,G,c2-015,DM2031,21/06/2016,17:12:23,5748.8,M,307
1,1,1,2,G,c2-016,DM2032,21/06/2016,17:12:23,6462.4,F,307
2,1,1,2,H,c1-001,DM3001,21/06/2016,17:14:39,8518.2,M,301
2,1,1,2,H,c1-002,DM3002,21/06/2016,17:14:39,15979.3,M,313
2,1,1,2,H,c1-003,DM3003,21/06/2016,17:14:39,6407.3,M,28138
2,1,1,2,H,c1-004,DM3004,21/06/2016,17:14:39,6505.9,F,375
2,1,1,2,H,c1-005,DM3005,21/06/2016,17:14:39,8813.3,M,375
2,1,1,2,H,c1-006,DM3006,21/06/2016,17:14:39,11156.9,M,756
2,1,1,2,H,c1-007,DM3007,21/06/2016,17:14:39,8992.4,M,707
2,1,1,2,H,c1-008,DM3008,21/06/2016,17:14:39,4721.2,F,28138
2,1,1,2,H,c1-009,DM3009,21/06/2016,17:14:39,4697.9,F,304
2,1,1,2,H,c1-010,DM3010,21/06/2016,17:14:39,10087,F,379
2,1,1,2,H,c1-011,DM3011,21/06/2016,17:14:39,2437.2,M,25120
2,1,1,2,H,c1-012,DM3012,21/06/2016,17:14:39,9872.4,F,707
2,1,1,2,H,c1-013,DM3013,21/06/2016,17:14:39,8804.4,F,437
2,1,1,2,H,c1-014,DM3014,21/06/2016,17:14:39,7282.2,M,365
2,1,1,2,H,c1-015,DM3015,21/06/2016,17:14:39,6459.8,M,357
2,1,1,2,H,c1-016,DM3016,21/06/2016,17:14:39,8197.2,M,555
2,1,1,2,I,c2-001,DM4017,21/06/2016,17:14:39,7135.7,F,301
2,1,1,2,I,c2-002,DM4018,21/06/2016,17:14:39,9972.4,M,712
2,1,1,2,I,c2-003,DM4019,21/06/2016,17:14:39,4742.2,M,730
2,1,1,2,I,c2-004,DM4020,21/06/2016,17:14:39,8664.5,M,730
2,1,1,2,I,c2-005,DM4021,21/06/2016,17:14:39,4012.4,F,365
2,1,1,2,I,c2-006,DM4022,21/06/2016,17:14:39,6227.4,M,730
2,1,1,2,I,c2-007,DM4023,21/06/2016,17:14:39,8844.5,F,25120
2,1,1,2,I,c2-008,DM4024,21/06/2016,17:14:39,7556.3,F,357
2,1,1,2,I,c2-009,DM4025,21/06/2016,17:14:39,11518.7,F,705
2,1,1,2,I,c2-010,DM4026,21/06/2016,17:14:39,13660.7,M,437
2,1,1,2,I,c2-011,DM4027,21/06/2016,17:14:39,16183.7,M,437
2,1,1,2,I,c2-012,DM4028,21/06/2016,17:14:39,9200.2,F,730
2,1,1,2,I,c2-013,DM4029,21/06/2016,17:14:39,11178.2,F,756
2,1,1,2,I,c2-014,DM4030,21/06/2016,17:14:39,11226.6,F,707
2,1,1,2,I,c2-015,DM4031,21/06/2016,17:14:39,10251.7,M,799
2,1,1,2,I,c2-016,DM4032,21/06/2016,17:14:39,7722.3,F,375
1,1,2,1,A,c1-001,DM1001,22/06/2016,12:25:13,677.1,M,307
1,1,2,1,A,c1-002,DM1002,22/06/2016,12:25:13,8377.4,F,756
1,1,2,1,A,c1-003,DM1003,22/06/2016,12:25:13,5617.4,F,375
1,1,2,1,A,c1-004,DM1004,22/06/2016,12:25:13,4728,F,365
1,1,2,1,A,c1-005,DM1005,22/06/2016,12:25:13,8777.5,M,730
1,1,2,1,A,c1-006,DM1006,22/06/2016,12:25:13,3184.4,F,555
1,1,2,1,A,c1-007,DM1007,22/06/2016,12:25:13,5378,F,427
1,1,2,1,A,c1-008,DM1008,22/06/2016,12:25:13,15360.4,M,360
1,1,2,1,A,c1-009,DM1009,22/06/2016,12:25:13,4633.4,F,208
1,1,2,1,A,c1-010,DM1010,22/06/2016,12:25:13,9856.2,M,799
1,1,2,1,A,c1-011,DM1011,22/06/2016,12:25:13,9459.9,M,28139
1,1,2,1,A,c1-012,DM1012,22/06/2016,12:25:13,6239.7,F,427
1,1,2,1,A,c1-013,DM1013,22/06/2016,12:25:13,4677.2,F,379
1,1,2,1,A,c1-014,DM1014,22/06/2016,12:25:13,4941.8,M,714
1,1,2,1,A,c1-015,DM1015,22/06/2016,12:25:13,5801,F,28139
1,1,2,1,A,c1-016,DM1016,22/06/2016,12:25:13,4648.4,F,208
1,1,2,1,B,c2-001,DM2017,22/06/2016,12:25:13,13572.8,M,315
1,1,2,1,B,c2-002,DM2018,22/06/2016,12:25:13,3297.2,F,380
1,1,2,1,B,c2-003,DM2019,22/06/2016,12:25:13,5453,F,712
1,1,2,1,B,c2-004,DM2020,22/06/2016,12:25:13,11087,M,517
1,1,2,1,B,c2-005,DM2021,22/06/2016,12:25:13,1719.2,F,730
1,1,2,1,B,c2-006,DM2022,22/06/2016,12:25:13,10690.3,M,28138
1,1,2,1,B,c2-007,DM2023,22/06/2016,12:25:13,10429,F,324
1,1,2,1,B,c2-008,DM2024,22/06/2016,12:25:13,6407.8,M,324
1,1,2,1,B,c2-009,DM2025,22/06/2016,12:25:13,6000.7,F,307
1,1,2,1,B,c2-010,DM2026,22/06/2016,12:25:13,5483.2,F,28139
1,1,2,1,B,c2-011,DM2027,22/06/2016,12:25:13,8866.2,M,712
1,1,2,1,B,c2-012,DM2028,22/06/2016,12:25:13,6303.9,F,799
1,1,2,1,B,c2-013,DM2029,22/06/2016,12:25:13,9656.7,F,315
1,1,2,1,B,c2-014,DM2030,22/06/2016,12:25:13,9173.6,M,427
1,1,2,1,B,c2-015,DM2031,22/06/2016,12:25:13,6773.4,F,208
1,1,2,1,B,c2-016,DM2032,22/06/2016,12:25:13,8608.4,M,313
2,1,2,1,C,c1-001,DM3001,22/06/2016,12:27:36,10442.8,M,301
2,1,2,1,C,c1-002,DM3002,22/06/2016,12:27:36,10454.9,F,25120
2,1,2,1,C,c1-003,DM3003,22/06/2016,12:27:37,9781,M,208
2,1,2,1,C,c1-004,DM3004,22/06/2016,12:27:37,7546.8,F,313
2,1,2,1,C,c1-005,DM3005,22/06/2016,12:27:37,4885.9,M,379
2,1,2,1,C,c1-006,DM3006,22/06/2016,12:27:37,7492.9,M,357
2,1,2,1,C,c1-007,DM3007,22/06/2016,12:27:37,7396.9,M,357
2,1,2,1,C,c1-008,DM3008,22/06/2016,12:27:37,4044.3,F,486
2,1,2,1,C,c1-009,DM3009,22/06/2016,12:27:37,7904.2,F,517
2,1,2,1,C,c1-010,DM3010,22/06/2016,12:27:37,4534.1,F,357
2,1,2,1,C,c1-011,DM3011,22/06/2016,12:27:37,7102.6,M,555
2,1,2,1,C,c1-012,DM3012,22/06/2016,12:27:37,9548.6,M,730
2,1,2,1,C,c1-013,DM3013,22/06/2016,12:27:37,12106.9,M,375
2,1,2,1,C,c1-014,DM3014,22/06/2016,12:27:37,8622.4,M,208
2,1,2,1,C,c1-015,DM3015,22/06/2016,12:27:37,6963.3,M,380
2,1,2,1,C,c1-016,DM3016,22/06/2016,12:27:37,6127.6,F,357
2,1,2,1,D,c2-001,DM4017,22/06/2016,12:27:37,4757.5,M,380
2,1,2,1,D,c2-002,DM4018,22/06/2016,12:27:37,8169.3,F,705
2,1,2,1,D,c2-003,DM4019,22/06/2016,12:27:37,6362.1,M,365
2,1,2,1,D,c2-004,DM4020,22/06/2016,12:27:37,4176.3,F,730
2,1,2,1,D,c2-005,DM4021,22/06/2016,12:27:37,12076,M,756
2,1,2,1,D,c2-006,DM4022,22/06/2016,12:27:37,10395.4,M,427
2,1,2,1,D,c2-007,DM4023,22/06/2016,12:27:37,5832.9,F,714
2,1,2,1,D,c2-008,DM4024,22/06/2016,12:27:37,14599.4,M,705
2,1,2,1,D,c2-009,DM4025,22/06/2016,12:27:37,1986.2,M,28139
2,1,2,1,D,c2-010,DM4026,22/06/2016,12:27:37,10431.1,M,25120
2,1,2,1,D,c2-011,DM4027,22/06/2016,12:27:37,6619.9,F,28138
2,1,2,1,D,c2-012,DM4028,22/06/2016,12:27:37,4112.9,F,360
2,1,2,1,D,c2-013,DM4029,22/06/2016,12:27:37,7821.5,M,486
2,1,2,1,D,c2-014,DM4030,22/06/2016,12:27:37,1467.8,F,730
2,1,2,1,D,c2-015,DM4031,22/06/2016,12:27:37,843.8,M,730
2,1,2,1,D,c2-016,DM4032,22/06/2016,12:27:37,8520.2,F,301
1,1,2,2,E,c1-001,DM1001,22/06/2016,16:50:53,5626.5,M,208
1,1,2,2,E,c1-002,DM1002,22/06/2016,16:50:53,9166.1,F,517
1,1,2,2,E,c1-003,DM1003,22/06/2016,16:50:53,3515.1,F,357
1,1,2,2,E,c1-004,DM1004,22/06/2016,16:50:53,5845.5,M,208
1,1,2,2,E,c1-005,DM1005,22/06/2016,16:50:53,7787.2,F,705
1,1,2,2,E,c1-006,DM1006,22/06/2016,16:50:53,13086.8,M,799
1,1,2,2,E,c1-007,DM1007,22/06/2016,16:50:53,6778.4,F,324
1,1,2,2,E,c1-008,DM1008,22/06/2016,16:50:53,2201.4,F,304
1,1,2,2,E,c1-009,DM1009,22/06/2016,16:50:53,2166.8,M,730
1,1,2,2,E,c1-010,DM1010,22/06/2016,16:50:53,6849.4,F,379
1,1,2,2,E,c1-011,DM1011,22/06/2016,16:50:53,11612.4,M,427
1,1,2,2,E,c1-012,DM1012,22/06/2016,16:50:53,8421.2,F,307
1,1,2,2,E,c1-013,DM1013,22/06/2016,16:50:53,9501.5,M,517
1,1,2,2,E,c1-014,DM1014,22/06/2016,16:50:53,7548,M,714
1,1,2,2,E,c1-015,DM1015,22/06/2016,16:50:53,6183,F,28138
1,1,2,2,E,c1-016,DM1016,22/06/2016,16:50:53,6546.8,F,360
1,1,2,2,G,c2-001,DM2017,22/06/2016,16:50:53,5351.5,M,379
1,1,2,2,G,c2-002,DM2018,22/06/2016,16:50:53,5119.5,F,714
1,1,2,2,G,c2-003,DM2019,22/06/2016,16:50:53,5576.9,F,375
1,1,2,2,G,c2-004,DM2020,22/06/2016,16:50:53,12179.2,M,315
1,1,2,2,G,c2-005,DM2021,22/06/2016,16:50:53,4066.1,F,555
1,1,2,2,G,c2-006,DM2022,22/06/2016,16:50:54,9660.6,M,28139
1,1,2,2,G,c2-007,DM2023,22/06/2016,16:50:54,5125.7,F,712
1,1,2,2,G,c2-008,DM2024,22/06/2016,16:50:54,8602.2,M,380
1,1,2,2,G,c2-009,DM2025,22/06/2016,16:50:54,9674.5,M,375
1,1,2,2,G,c2-010,DM2026,22/06/2016,16:50:54,8946.7,M,301
1,1,2,2,G,c2-011,DM2027,22/06/2016,16:50:54,8397.8,F,756
1,1,2,2,G,c2-012,DM2028,22/06/2016,16:50:54,5579.6,M,555
1,1,2,2,G,c2-013,DM2029,22/06/2016,16:50:54,2056.5,F,730
1,1,2,2,G,c2-014,DM2030,22/06/2016,16:50:54,2180.5,M,304
1,1,2,2,G,c2-015,DM2031,22/06/2016,16:50:54,11598.6,M,712
1,1,2,2,G,c2-016,DM2032,22/06/2016,16:50:54,1288.5,M,730
2,1,2,2,H,c1-001,DM3001,22/06/2016,16:53:19,8475.3,M,28139
2,1,2,2,H,c1-002,DM3002,22/06/2016,16:53:19,6580.5,F,28139
2,1,2,2,H,c1-003,DM3003,22/06/2016,16:53:19,6396.7,M,365
2,1,2,2,H,c1-004,DM3004,22/06/2016,16:53:19,8963.2,F,301
2,1,2,2,H,c1-005,DM3005,22/06/2016,16:53:19,5629.5,F,380
2,1,2,2,H,c1-006,DM3006,22/06/2016,16:53:19,5101.4,F,380
2,1,2,2,H,c1-007,DM3007,22/06/2016,16:53:19,1493.7,F,730
2,1,2,2,H,c1-008,DM3008,22/06/2016,16:53:19,3539.4,M,357
2,1,2,2,H,c1-009,DM3009,22/06/2016,16:53:19,8289.1,F,208
2,1,2,2,H,c1-010,DM3010,22/06/2016,16:53:19,9323.5,F,315
2,1,2,2,H,c1-011,DM3011,22/06/2016,16:53:19,4091,F,427
2,1,2,2,H,c1-012,DM3012,22/06/2016,16:53:19,5911.4,M,486
2,1,2,2,H,c1-013,DM3013,22/06/2016,16:53:19,9236.4,M,427
2,1,2,2,H,c1-014,DM3014,22/06/2016,16:53:19,7978.6,F,799
2,1,2,2,H,c1-015,DM3015,22/06/2016,16:53:19,11880.7,M,324
2,1,2,2,H,c1-016,DM3016,22/06/2016,16:53:19,11354.1,M,313
2,1,2,2,I,c2-001,DM4017,22/06/2016,16:53:19,7726.3,F,365
2,1,2,2,I,c2-002,DM4018,22/06/2016,16:53:19,8825.5,F,427
2,1,2,2,I,c2-003,DM4019,22/06/2016,16:53:19,13567.5,F,25120
2,1,2,2,I,c2-004,DM4020,22/06/2016,16:53:19,11076.6,M,357
2,1,2,2,I,c2-005,DM4021,22/06/2016,16:53:19,13122.6,M,25120
2,1,2,2,I,c2-006,DM4022,22/06/2016,16:53:19,10755.5,F,28139
2,1,2,2,I,c2-007,DM4023,22/06/2016,16:53:19,12201.9,M,360
2,1,2,2,I,c2-008,DM4024,22/06/2016,16:53:19,17718.4,M,756
2,1,2,2,I,c2-009,DM4025,22/06/2016,16:53:19,11212.4,M,28138
2,1,2,2,I,c2-010,DM4026,22/06/2016,16:53:19,8309.7,F,357
2,1,2,2,I,c2-011,DM4027,22/06/2016,16:53:19,8865,F,313
2,1,2,2,I,c2-012,DM4028,22/06/2016,16:53:19,11449.8,M,380
2,1,2,2,I,c2-013,DM4029,22/06/2016,16:53:19,15795,M,705
2,1,2,2,I,c2-014,DM4030,22/06/2016,16:53:19,10434.2,F,208
2,1,2,2,I,c2-015,DM4031,22/06/2016,16:53:19,11854.4,M,307
2,1,2,2,I,c2-016,DM4032,22/06/2016,16:53:19,8777.8,F,486
1,1,4,1,A,c1-001,DM1001,24/06/2016,11:35:12,3639.5,F,307
1,1,4,1,A,c1-002,DM1002,24/06/2016,11:35:12,4772.6,F,379
1,1,4,1,A,c1-003,DM1003,24/06/2016,11:35:12,6102.3,M,28138
1,1,4,1,A,c1-004,DM1004,24/06/2016,11:35:12,7977,M,324
1,1,4,1,A,c1-005,DM1005,24/06/2016,11:35:12,6877.6,F,324
1,1,4,1,A,c1-006,DM1006,24/06/2016,11:35:12,9295.7,M,208
1,1,4,1,A,c1-007,DM1007,24/06/2016,11:35:12,6409.8,M,730
1,1,4,1,A,c1-008,DM1008,24/06/2016,11:35:12,4050,F,365
1,1,4,1,A,c1-009,DM1009,24/06/2016,11:35:12,7759.9,F,517
1,1,4,1,A,c1-010,DM1010,24/06/2016,11:35:12,9043.9,F,517
1,1,4,1,A,c1-011,DM1011,24/06/2016,11:35:12,6156.9,M,307
1,1,4,1,A,c1-012,DM1012,24/06/2016,11:35:12,5041,M,714
1,1,4,1,A,c1-013,DM1013,24/06/2016,11:35:12,10871,M,391
1,1,4,1,A,c1-014,DM1014,24/06/2016,11:35:12,2084,F,730
1,1,4,1,A,c1-015,DM1015,24/06/2016,11:35:12,9659.5,M,712
1,1,4,1,A,c1-016,DM1016,24/06/2016,11:35:12,6974.6,M,208
1,1,4,1,B,c2-001,DM2017,24/06/2016,11:35:12,10440,M,799
1,1,4,1,B,c2-002,DM2018,24/06/2016,11:35:12,10884.5,F,25120
1,1,4,1,B,c2-003,DM2019,24/06/2016,11:35:12,4355.7,F,756
1,1,4,1,B,c2-004,DM2020,24/06/2016,11:35:12,7773.1,F,357
1,1,4,1,B,c2-005,DM2021,24/06/2016,11:35:13,9807.2,M,301
1,1,4,1,B,c2-006,DM2022,24/06/2016,11:35:13,1562.2,M,730
1,1,4,1,B,c2-007,DM2023,24/06/2016,11:35:13,6067.4,M,25120
1,1,4,1,B,c2-008,DM2024,24/06/2016,11:35:13,6235.8,F,28138
1,1,4,1,B,c2-009,DM2025,24/06/2016,11:35:13,6175.7,F,375
1,1,4,1,B,c2-010,DM2026,24/06/2016,11:35:13,8443.3,F,391
1,1,4,1,B,c2-011,DM2027,24/06/2016,11:35:13,8628.6,M,517
1,1,4,1,B,c2-012,DM2028,24/06/2016,11:35:13,6219.6,F,360
1,1,4,1,B,c2-013,DM2029,24/06/2016,11:35:13,6821.5,M,304
1,1,4,1,B,c2-014,DM2030,24/06/2016,11:35:13,3871.4,F,335
1,1,4,1,B,c2-015,DM2031,24/06/2016,11:35:13,9725.4,M,335
1,1,4,1,B,c2-016,DM2032,24/06/2016,11:35:13,9091.7,M,375
2,1,4,1,C,c1-001,DM3001,24/06/2016,11:37:39,2237.5,F,730
2,1,4,1,C,c1-002,DM3002,24/06/2016,11:37:39,3205.1,F,555
2,1,4,1,C,c1-003,DM3003,24/06/2016,11:37:39,2658.9,F,335
2,1,4,1,C,c1-004,DM3004,24/06/2016,11:37:39,8346.7,M,365
2,1,4,1,C,c1-005,DM3005,24/06/2016,11:37:39,6175.8,F,208
2,1,4,1,C,c1-006,DM3006,24/06/2016,11:37:39,15119.6,F,313
2,1,4,1,C,c1-007,DM3007,24/06/2016,11:37:39,6754.2,F,730
2,1,4,1,C,c1-008,DM3008,24/06/2016,11:37:39,9400.6,F,712
2,1,4,1,C,c1-009,DM3009,24/06/2016,11:37:39,9944.1,F,730
2,1,4,1,C,c1-010,DM3010,24/06/2016,11:37:39,13626.5,M,555
2,1,4,1,C,c1-011,DM3011,24/06/2016,11:37:39,20363,M,313
2,1,4,1,C,c1-012,DM3012,24/06/2016,11:37:39,13389.4,M,517
2,1,4,1,C,c1-013,DM3013,24/06/2016,11:37:39,5992.9,F,714
2,1,4,1,C,c1-014,DM3014,24/06/2016,11:37:39,11039.4,M,357
2,1,4,1,C,c1-015,DM3015,24/06/2016,11:37:39,8216.5,M,730
2,1,4,1,C,c1-016,DM3016,24/06/2016,11:37:39,9291.3,F,335
2,1,4,1,D,c2-001,DM4017,24/06/2016,11:37:39,10697,M,324
2,1,4,1,D,c2-002,DM4018,24/06/2016,11:37:39,1328.1,M,208
2,1,4,1,D,c2-003,DM4019,24/06/2016,11:37:39,5102.6,F,375
2,1,4,1,D,c2-004,DM4020,24/06/2016,11:37:39,9266.3,F,208
2,1,4,1,D,c2-005,DM4021,24/06/2016,11:37:39,5834.3,F,301
2,1,4,1,D,c2-006,DM4022,24/06/2016,11:37:39,9725.6,F,315
2,1,4,1,D,c2-007,DM4023,24/06/2016,11:37:39,2985.6,M,730
2,1,4,1,D,c2-008,DM4024,24/06/2016,11:37:39,6202.5,M,335
2,1,4,1,D,c2-009,DM4025,24/06/2016,11:37:39,9438.5,M,360
2,1,4,1,D,c2-010,DM4026,24/06/2016,11:37:39,7319.3,F,799
2,1,4,1,D,c2-011,DM4027,24/06/2016,11:37:39,5265.5,F,304
2,1,4,1,D,c2-012,DM4028,24/06/2016,11:37:39,3827.7,M,379
2,1,4,1,D,c2-013,DM4029,24/06/2016,11:37:39,10691.6,F,324
2,1,4,1,D,c2-014,DM4030,24/06/2016,11:37:39,9422.2,M,335
2,1,4,1,D,c2-015,DM4031,24/06/2016,11:37:39,4759.4,M,375
2,1,4,1,D,c2-016,DM4032,24/06/2016,11:37:39,12604.4,M,315
1,1,4,2,E,c1-002,DM1002,24/06/2016,14:55:55,8290.1,M,375
1,1,4,2,E,c1-003,DM1003,24/06/2016,14:55:55,11535.2,M,335
1,1,4,2,E,c1-004,DM1004,24/06/2016,14:55:55,8329.3,F,208
1,1,4,2,E,c1-005,DM1005,24/06/2016,14:55:55,12135.3,F,756
1,1,4,2,E,c1-006,DM1006,24/06/2016,14:55:55,8476.6,F,712
1,1,4,2,E,c1-007,DM1007,24/06/2016,14:55:55,6421.7,M,25120
1,1,4,2,E,c1-008,DM1008,24/06/2016,14:55:55,7417.6,F,517
1,1,4,2,E,c1-009,DM1009,24/06/2016,14:55:55,7757.7,M,379
1,1,4,2,E,c1-010,DM1010,24/06/2016,14:55:55,4915.4,F,307
1,1,4,2,E,c1-011,DM1011,24/06/2016,14:55:55,8378,F,301
1,1,4,2,E,c1-012,DM1012,24/06/2016,14:55:55,6425.5,M,324
1,1,4,2,E,c1-013,DM1013,24/06/2016,14:55:55,4503.8,M,28138
1,1,4,2,E,c1-014,DM1014,24/06/2016,14:55:55,8407.9,M,301
1,1,4,2,E,c1-015,DM1015,24/06/2016,14:55:55,5995.4,F,335
1,1,4,2,E,c1-016,DM1016,24/06/2016,14:55:55,6963,F,360
1,1,4,2,G,c2-001,DM2017,24/06/2016,14:55:55,8676.6,M,360
1,1,4,2,G,c2-002,DM2018,24/06/2016,14:55:55,4088.6,F,335
1,1,4,2,G,c2-003,DM2019,24/06/2016,14:55:55,4773.4,F,304
1,1,4,2,G,c2-004,DM2020,24/06/2016,14:55:55,6283.2,F,799
1,1,4,2,G,c2-005,DM2021,24/06/2016,14:55:55,6245.2,F,799
1,1,4,2,G,c2-006,DM2022,24/06/2016,14:55:55,6778.6,M,555
1,1,4,2,G,c2-007,DM2023,24/06/2016,14:55:55,6588.5,M,391
1,1,4,2,G,c2-008,DM2024,24/06/2016,14:55:55,12236,M,730
1,1,4,2,G,c2-009,DM2025,24/06/2016,14:55:55,2739.1,F,555
1,1,4,2,G,c2-010,DM2026,24/06/2016,14:55:55,3649.7,F,391
1,1,4,2,G,c2-012,DM2028,24/06/2016,14:55:55,11935.6,M,799
1,1,4,2,G,c2-013,DM2029,24/06/2016,14:55:55,4730,M,208
1,1,4,2,G,c2-014,DM2030,24/06/2016,14:55:55,7966.5,M,517
1,1,4,2,G,c2-015,DM2031,24/06/2016,14:55:55,9014.1,M,315
1,1,4,2,G,c2-016,DM2032,24/06/2016,14:55:55,3644.5,M,714
2,1,4,2,H,c1-001,DM3001,24/06/2016,14:58:13,3638.8,F,365
2,1,4,2,H,c1-002,DM3002,24/06/2016,14:58:13,5013.2,M,313
2,1,4,2,H,c1-003,DM3003,24/06/2016,14:58:13,4990.7,F,517
2,1,4,2,H,c1-004,DM3004,24/06/2016,14:58:13,10281.2,M,756
2,1,4,2,H,c1-005,DM3005,24/06/2016,14:58:13,4721.4,F,391
2,1,4,2,H,c1-006,DM3006,24/06/2016,14:58:13,5106.7,F,357
2,1,4,2,H,c1-007,DM3007,24/06/2016,14:58:13,8645.3,F,324
2,1,4,2,H,c1-008,DM3008,24/06/2016,14:58:13,1508.3,F,730
2,1,4,2,H,c1-009,DM3009,24/06/2016,14:58:13,8979.5,M,799
2,1,4,2,H,c1-010,DM3010,24/06/2016,14:58:13,6855.8,F,714
2,1,4,2,H,c1-011,DM3011,24/06/2016,14:58:13,7657.5,F,313
2,1,4,2,H,c1-012,DM3012,24/06/2016,14:58:13,3243,M,712
2,1,4,2,H,c1-013,DM3013,24/06/2016,14:58:13,5416.3,M,365
2,1,4,2,H,c1-014,DM3014,24/06/2016,14:58:13,7686.3,M,517
2,1,4,2,H,c1-015,DM3015,24/06/2016,14:58:13,7481.4,M,391
2,1,4,2,H,c1-016,DM3016,24/06/2016,14:58:13,8460.7,M,375
2,1,4,2,I,c2-001,DM4017,24/06/2016,14:58:13,11890.1,M,307
2,1,4,2,I,c2-002,DM4018,24/06/2016,14:58:13,6489.5,M,357
2,1,4,2,I,c2-003,DM4019,24/06/2016,14:58:13,9280.1,F,315
2,1,4,2,I,c2-004,DM4020,24/06/2016,14:58:13,13651.7,M,324
2,1,4,2,I,c2-005,DM4021,24/06/2016,14:58:13,4967.8,F,379
2,1,4,2,I,c2-006,DM4022,24/06/2016,14:58:13,4038.1,F,375
2,1,4,2,I,c2-007,DM4023,24/06/2016,14:58:13,8085.7,F,28138
2,1,4,2,I,c2-008,DM4024,24/06/2016,14:58:13,10040.6,M,208
2,1,4,2,I,c2-009,DM4025,24/06/2016,14:58:13,9011.5,F,208
2,1,4,2,I,c2-010,DM4026,24/06/2016,14:58:13,3024.1,M,730
2,1,4,2,I,c2-011,DM4027,24/06/2016,14:58:13,5973,F,375
2,1,4,2,I,c2-012,DM4028,24/06/2016,14:58:13,6947.2,M,304
2,1,4,2,I,c2-013,DM4029,24/06/2016,14:58:13,4154,F,25120
2,1,4,2,I,c2-014,DM4030,24/06/2016,14:58:13,13779.1,M,335
2,1,4,2,I,c2-015,DM4031,24/06/2016,14:58:13,4826.3,F,324
2,1,4,2,I,c2-016,DM4032,24/06/2016,14:58:13,3017.7,F,730
1,2,1,1,A,c1-001,DM1001,12/07/2016,11:33:53,6495.6,M,517
1,2,1,1,A,c1-002,DM1002,12/07/2016,11:33:53,9949.5,M,307
1,2,1,1,A,c1-003,DM1003,12/07/2016,11:33:53,9390.3,F,324
1,2,1,1,A,c1-004,DM1004,12/07/2016,11:33:53,3242.1,F,707
1,2,1,1,A,c1-005,DM1005,12/07/2016,11:33:53,7957.6,M,208
1,2,1,1,A,c1-006,DM1006,12/07/2016,11:33:53,6177.2,F,28138
1,2,1,1,A,c1-007,DM1007,12/07/2016,11:33:53,9601.6,M,313
1,2,1,1,A,c1-008,DM1008,12/07/2016,11:33:53,7068.1,F,360
1,2,1,1,A,c1-009,DM1009,12/07/2016,11:33:53,5438,F,375
1,2,1,1,A,c1-010,DM1010,12/07/2016,11:33:53,8042.1,M,375
1,2,1,1,A,c1-011,DM1011,12/07/2016,11:33:53,6880,F,380
1,2,1,1,A,c1-012,DM1012,12/07/2016,11:33:53,12406.6,M,707
1,2,1,1,A,c1-013,DM1013,12/07/2016,11:33:53,14388.3,M,335
1,2,1,1,A,c1-014,DM1014,12/07/2016,11:33:53,5210.8,M,28138
1,2,1,1,A,c1-015,DM1015,12/07/2016,11:33:53,5022.7,F,375
1,2,1,1,A,c1-016,DM1016,12/07/2016,11:33:53,5050.7,F,774
1,2,1,1,B,c2-001,DM2017,12/07/2016,11:33:53,6700.1,M,380
1,2,1,1,B,c2-002,DM2018,12/07/2016,11:33:53,8738.2,M,486
1,2,1,1,B,c2-003,DM2019,12/07/2016,11:33:53,8215.8,M,375
1,2,1,1,B,c2-004,DM2020,12/07/2016,11:33:53,6768.4,F,486
1,2,1,1,B,c2-005,DM2021,12/07/2016,11:33:53,13761.3,M,301
1,2,1,1,B,c2-006,DM2022,12/07/2016,11:33:53,7926.5,M,380
1,2,1,1,B,c2-007,DM2023,12/07/2016,11:33:53,6205,M,714
1,2,1,1,B,c2-008,DM2024,12/07/2016,11:33:53,4878.2,F,375
1,2,1,1,B,c2-009,DM2025,12/07/2016,11:33:53,9045.2,F,313
1,2,1,1,B,c2-010,DM2026,12/07/2016,11:33:53,8482.4,M,360
1,2,1,1,B,c2-011,DM2027,12/07/2016,11:33:53,8370.9,F,517
1,2,1,1,B,c2-012,DM2028,12/07/2016,11:33:53,9653,M,28139
1,2,1,1,B,c2-013,DM2029,12/07/2016,11:33:53,6066.8,M,357
1,2,1,1,B,c2-014,DM2030,12/07/2016,11:33:53,6027.5,F,712
1,2,1,1,B,c2-015,DM2031,12/07/2016,11:33:53,9690.5,M,25120
1,2,1,1,B,c2-016,DM2032,12/07/2016,11:33:53,4985.2,F,307
2,2,1,1,C,c1-001,DM3001,12/07/2016,11:36:39,7633.8,F,208
2,2,1,1,C,c1-002,DM3002,12/07/2016,11:36:39,9776.2,M,799
2,2,1,1,C,c1-003,DM3003,12/07/2016,11:36:39,7186.3,F,301
2,2,1,1,C,c1-004,DM3004,12/07/2016,11:36:39,4738.5,F,555
2,2,1,1,C,c1-005,DM3005,12/07/2016,11:36:39,3956.2,F,380
2,2,1,1,C,c1-006,DM3006,12/07/2016,11:36:39,8854.6,M,707
2,2,1,1,C,c1-007,DM3007,12/07/2016,11:36:39,6313.2,F,304
2,2,1,1,C,c1-008,DM3008,12/07/2016,11:36:39,6741.5,F,427
2,2,1,1,C,c1-009,DM3009,12/07/2016,11:36:39,6577.1,M,427
2,2,1,1,C,c1-010,DM3010,12/07/2016,11:36:39,9439,M,365
2,2,1,1,C,c1-011,DM3011,12/07/2016,11:36:39,10133.3,F,705
2,2,1,1,C,c1-012,DM3012,12/07/2016,11:36:39,5723.8,F,391
2,2,1,1,C,c1-013,DM3013,12/07/2016,11:36:39,10567.1,M,391
2,2,1,1,C,c1-014,DM3014,12/07/2016,11:36:39,7720.8,M,555
2,2,1,1,C,c1-015,DM3015,12/07/2016,11:36:39,7990.9,F,774
2,2,1,1,C,c1-016,DM3016,12/07/2016,11:36:39,8197,F,799
2,2,1,1,D,c2-001,DM4017,12/07/2016,11:36:39,10723,M,705
2,2,1,1,D,c2-002,DM4018,12/07/2016,11:36:39,7641.5,F,379
2,2,1,1,D,c2-003,DM4019,12/07/2016,11:36:39,13100,M,324
2,2,1,1,D,c2-004,DM4020,12/07/2016,11:36:39,10500.2,M,375
2,2,1,1,D,c2-005,DM4021,12/07/2016,11:36:39,3443.4,M,304
2,2,1,1,D,c2-006,DM4022,12/07/2016,11:36:39,11453.8,M,712
2,2,1,1,D,c2-007,DM4023,12/07/2016,11:36:39,6871.6,M,380
2,2,1,1,D,c2-008,DM4024,12/07/2016,11:36:39,4113.8,F,335
2,2,1,1,D,c2-009,DM4025,12/07/2016,11:36:39,9783.1,F,28139
2,2,1,1,D,c2-010,DM4026,12/07/2016,11:36:39,5304.3,F,380
2,2,1,1,D,c2-011,DM4027,12/07/2016,11:36:39,4674.1,F,365
2,2,1,1,D,c2-012,DM4028,12/07/2016,11:36:39,4767.6,F,357
2,2,1,1,D,c2-013,DM4029,12/07/2016,11:36:39,2274.1,M,379
2,2,1,1,D,c2-014,DM4030,12/07/2016,11:36:39,7037.2,F,707
2,2,1,1,D,c2-015,DM4031,12/07/2016,11:36:39,2699.1,F,25120
2,2,1,1,D,c2-016,DM4032,12/07/2016,11:36:39,15410.3,M,774
1,2,2,1,A,c1-001,DM1001,13/07/2016,11:43:19,2036,M,304
1,2,2,1,A,c1-002,DM1002,13/07/2016,11:43:19,10074.4,M,28138
1,2,2,1,A,c1-003,DM1003,13/07/2016,11:43:19,6651.8,F,517
1,2,2,1,A,c1-004,DM1004,13/07/2016,11:43:19,9512.4,M,707
1,2,2,1,A,c1-005,DM1005,13/07/2016,11:43:19,7046.7,M,365
1,2,2,1,A,c1-006,DM1006,13/07/2016,11:43:19,5194.4,F,357
1,2,2,1,A,c1-007,DM1007,13/07/2016,11:43:19,7631.6,F,774
1,2,2,1,A,c1-008,DM1008,13/07/2016,11:43:19,6161.8,F,208
1,2,2,1,A,c1-009,DM1009,13/07/2016,11:43:19,3399.4,F,555
1,2,2,1,A,c1-010,DM1010,13/07/2016,11:43:19,4518.2,M,730
1,2,2,1,A,c1-011,DM1011,13/07/2016,11:43:19,10356.7,M,774
1,2,2,1,A,c1-012,DM1012,13/07/2016,11:43:19,7039.2,M,427
1,2,2,1,A,c1-013,DM1013,13/07/2016,11:43:19,11451.8,M,707
1,2,2,1,A,c1-014,DM1014,13/07/2016,11:43:19,9786.3,F,707
1,2,2,1,A,c1-016,DM1016,13/07/2016,11:43:19,9607.8,M,307
1,2,2,1,B,c2-001,DM2017,13/07/2016,11:43:19,14464,M,399
1,2,2,1,B,c2-002,DM2018,13/07/2016,11:43:19,9633.6,M,313
1,2,2,1,B,c2-003,DM2019,13/07/2016,11:43:19,2923.5,F,399
1,2,2,1,B,c2-004,DM2020,13/07/2016,11:43:19,16179.1,M,301
1,2,2,1,B,c2-005,DM2021,13/07/2016,11:43:19,4907.7,F,365
1,2,2,1,B,c2-006,DM2022,13/07/2016,11:43:19,8163.7,M,208
1,2,2,1,B,c2-007,DM2023,13/07/2016,11:43:19,3779.6,F,307
1,2,2,1,B,c2-008,DM2024,13/07/2016,11:43:19,7471.2,M,391
1,2,2,1,B,c2-009,DM2025,13/07/2016,11:43:19,5234.8,F,304
1,2,2,1,B,c2-010,DM2026,13/07/2016,11:43:19,11240,M,517
1,2,2,1,B,c2-011,DM2027,13/07/2016,11:43:19,4010.3,F,379
1,2,2,1,B,c2-014,DM2030,13/07/2016,11:43:19,7261.2,M,399
1,2,2,1,B,c2-015,DM2031,13/07/2016,11:43:19,8361,F,707
1,2,2,1,B,c2-016,DM2032,13/07/2016,11:43:19,5162.8,F,714
2,2,2,1,C,c1-003,DM3003,13/07/2016,11:46:02,4552.5,F,712
2,2,2,1,C,c1-004,DM3004,13/07/2016,11:46:02,9809.1,F,399
2,2,2,1,C,c1-005,DM3005,13/07/2016,11:46:02,6161.7,F,427
2,2,2,1,C,c1-006,DM3006,13/07/2016,11:46:02,7504.5,F,360
2,2,2,1,C,c1-007,DM3007,13/07/2016,11:46:02,10195.5,F,313
2,2,2,1,C,c1-008,DM3008,13/07/2016,11:46:02,3016.8,M,705
2,2,2,1,C,c1-009,DM3009,13/07/2016,11:46:02,8493.7,F,486
2,2,2,1,C,c1-010,DM3010,13/07/2016,11:46:02,8142,M,486
2,2,2,1,C,c1-011,DM3011,13/07/2016,11:46:02,15522.5,M,315
2,2,2,1,C,c1-012,DM3012,13/07/2016,11:46:02,6929.2,M,380
2,2,2,1,C,c1-013,DM3013,13/07/2016,11:46:02,7921.7,M,379
2,2,2,1,C,c1-014,DM3014,13/07/2016,11:46:02,13896.4,M,324
2,2,2,1,C,c1-016,DM3016,13/07/2016,11:46:02,5667.8,F,399
2,2,2,1,D,c2-001,DM4017,13/07/2016,11:46:02,8742.3,F,730
2,2,2,1,D,c2-002,DM4018,13/07/2016,11:46:02,8762.2,F,28139
2,2,2,1,D,c2-003,DM4019,13/07/2016,11:46:02,5978.7,M,730
2,2,2,1,D,c2-004,DM4020,13/07/2016,11:46:02,8024.1,F,380
2,2,2,1,D,c2-005,DM4021,13/07/2016,11:46:02,5220.3,F,391
2,2,2,1,D,c2-006,DM4022,13/07/2016,11:46:02,8255.5,M,486
2,2,2,1,D,c2-008,DM4024,13/07/2016,11:46:02,7872.6,M,799
2,2,2,1,D,c2-009,DM4025,13/07/2016,11:46:02,9574.1,M,360
2,2,2,1,D,c2-010,DM4026,13/07/2016,11:46:02,11010.5,M,399
2,2,2,1,D,c2-012,DM4028,13/07/2016,11:46:02,2746,F,730
2,2,2,1,D,c2-014,DM4030,13/07/2016,11:46:02,13648.6,M,335
2,2,2,1,D,c2-015,DM4031,13/07/2016,11:46:02,6054.5,F,486
2,2,2,1,D,c2-016,DM4032,13/07/2016,11:46:02,4705.5,M,357
3,2,2,1,E,c1-001,DM1001,13/07/2016,11:43:41,5740.8,F,399
3,2,2,1,E,c1-002,DM1002,13/07/2016,11:43:41,7961.5,M,399
3,2,2,1,E,c1-003,DM1003,13/07/2016,11:43:41,5534.1,M,714
3,2,2,1,E,c1-004,DM1004,13/07/2016,11:43:41,5239.8,M,555
3,2,2,1,E,c1-005,DM1005,13/07/2016,11:43:41,9104.2,M,28139
3,2,2,1,E,c1-006,DM1006,13/07/2016,11:43:41,8144.4,M,25120
3,2,2,1,E,c1-007,DM1007,13/07/2016,11:43:41,5715.3,F,705
3,2,2,1,E,c1-009,DM1009,13/07/2016,11:43:41,5113.4,F,324
3,2,2,1,E,c1-010,DM1010,13/07/2016,11:43:41,6155.7,F,799
3,2,2,1,E,c1-011,DM1011,13/07/2016,11:43:41,9045.2,F,301
3,2,2,1,E,c1-012,DM1012,13/07/2016,11:43:41,9535.8,F,315
3,2,2,1,E,c1-013,DM1013,13/07/2016,11:43:41,4605.7,M,712
3,2,2,1,E,c1-014,DM1014,13/07/2016,11:43:41,9495.9,M,25120
3,2,2,1,E,c1-015,DM1015,13/07/2016,11:43:41,9113.3,F,335
3,2,2,1,E,c1-016,DM1016,13/07/2016,11:43:41,7386.8,F,28138
1,2,3,1,A,c1-001,DM1001,14/07/2016,12:01:09,6835.7,M,730
1,2,3,1,A,c1-002,DM1002,14/07/2016,12:01:09,11624.4,M,391
1,2,3,1,A,c1-003,DM1003,14/07/2016,12:01:09,8866.8,F,301
1,2,3,1,A,c1-004,DM1004,14/07/2016,12:01:09,5424.3,F,391
1,2,3,1,A,c1-005,DM1005,14/07/2016,12:01:09,8647.5,F,360
1,2,3,1,A,c1-006,DM1006,14/07/2016,12:01:09,8677.3,M,391
1,2,3,1,A,c1-007,DM1007,14/07/2016,12:01:09,5831.5,F,730
1,2,3,1,A,c1-008,DM1008,14/07/2016,12:01:09,5327.3,M,730
1,2,3,1,A,c1-009,DM1009,14/07/2016,12:01:09,13596.6,M,324
1,2,3,1,A,c1-010,DM1010,14/07/2016,12:01:09,4409.8,M,304
1,2,3,1,A,c1-011,DM1011,14/07/2016,12:01:09,9607.8,M,730
1,2,3,1,A,c1-012,DM1012,14/07/2016,12:01:09,14453,M,712
1,2,3,1,A,c1-013,DM1013,14/07/2016,12:01:09,7553.6,F,28138
1,2,3,1,A,c1-014,DM1014,14/07/2016,12:01:09,10260,M,714
1,2,3,1,A,c1-015,DM1015,14/07/2016,12:01:09,2838.6,F,304
1,2,3,1,A,c1-016,DM1016,14/07/2016,12:01:09,10374.8,M,28138
1,2,3,1,B,c2-001,DM2017,14/07/2016,12:01:09,4151.2,F,391
1,2,3,1,B,c2-002,DM2018,14/07/2016,12:01:10,5397.5,F,730
1,2,3,1,B,c2-003,DM2019,14/07/2016,12:01:10,7313.3,M,307
1,2,3,1,B,c2-004,DM2020,14/07/2016,12:01:10,8953.3,F,712
1,2,3,1,B,c2-005,DM2021,14/07/2016,12:01:10,9064.4,M,379
1,2,3,1,B,c2-006,DM2022,14/07/2016,12:01:10,5751.1,F,379
1,2,3,1,B,c2-007,DM2023,14/07/2016,12:01:10,7566.2,F,335
1,2,3,1,B,c2-008,DM2024,14/07/2016,12:01:10,6616.7,F,365
1,2,3,1,B,c2-009,DM2025,14/07/2016,12:01:10,6789.9,M,555
1,2,3,1,B,c2-010,DM2026,14/07/2016,12:01:10,5857.7,F,730
1,2,3,1,B,c2-011,DM2027,14/07/2016,12:01:10,7524.8,M,301
1,2,3,1,B,c2-012,DM2028,14/07/2016,12:01:10,8704.9,M,360
1,2,3,1,B,c2-013,DM2029,14/07/2016,12:01:10,12648.4,M,391
1,2,3,1,B,c2-014,DM2030,14/07/2016,12:01:10,11232.5,M,774
1,2,3,1,B,c2-015,DM2031,14/07/2016,12:01:10,8571.1,F,313
1,2,3,1,B,c2-016,DM2032,14/07/2016,12:01:10,8902.8,F,774
2,2,3,1,C,c1-001,DM3001,14/07/2016,12:03:53,10464.4,M,315
2,2,3,1,C,c1-002,DM3002,14/07/2016,12:03:53,5792,F,730
2,2,3,1,C,c1-003,DM3003,14/07/2016,12:03:53,9622.5,F,208
2,2,3,1,C,c1-004,DM3004,14/07/2016,12:03:53,16182.6,F,315
2,2,3,1,C,c1-005,DM3005,14/07/2016,12:03:53,5484.9,F,555
2,2,3,1,C,c1-006,DM3006,14/07/2016,12:03:53,6933.7,M,357
2,2,3,1,C,c1-007,DM3007,14/07/2016,12:03:53,4942.1,F,517
2,2,3,1,C,c1-008,DM3008,14/07/2016,12:03:53,8593.2,F,714
2,2,3,1,C,c1-009,DM3009,14/07/2016,12:03:53,9752.4,M,208
2,2,3,1,C,c1-010,DM3010,14/07/2016,12:03:53,6616.3,F,307
2,2,3,1,C,c1-011,DM3011,14/07/2016,12:03:53,9896.2,F,25120
2,2,3,1,C,c1-012,DM3012,14/07/2016,12:03:53,7536.9,F,705
2,2,3,1,C,c1-013,DM3013,14/07/2016,12:03:53,7543.6,M,365
2,2,3,1,C,c1-014,DM3014,14/07/2016,12:03:53,8326.9,M,315
2,2,3,1,C,c1-015,DM3015,14/07/2016,12:03:53,13109.5,M,705
2,2,3,1,C,c1-016,DM3016,14/07/2016,12:03:53,6129.7,M,313
2,2,3,1,D,c2-001,DM4017,14/07/2016,12:03:53,9281.7,M,25120
2,2,3,1,D,c2-002,DM4018,14/07/2016,12:03:53,5607.4,M,335
2,2,3,1,D,c2-003,DM4019,14/07/2016,12:03:53,7949.5,M,391
2,2,3,1,D,c2-004,DM4020,14/07/2016,12:03:53,3963.3,F,391
2,2,3,1,D,c2-005,DM4021,14/07/2016,12:03:53,9275.3,F,324
2,2,3,1,D,c2-006,DM4022,14/07/2016,12:03:53,9206.7,M,28139
2,2,3,1,D,c2-007,DM4023,14/07/2016,12:03:53,5266.2,F,391
2,2,3,1,D,c2-008,DM4024,14/07/2016,12:03:53,12021.2,M,517
2,2,3,1,D,c2-009,DM4025,14/07/2016,12:03:53,10941.2,M,774
2,2,3,1,D,c2-010,DM4026,14/07/2016,12:03:53,6588,M,730
2,2,3,1,D,c2-011,DM4027,14/07/2016,12:03:53,8357.6,M,25120
2,2,3,1,D,c2-012,DM4028,14/07/2016,12:03:53,6049.4,F,315
2,2,3,1,D,c2-013,DM4029,14/07/2016,12:03:53,8314.9,F,774
2,2,3,1,D,c2-014,DM4030,14/07/2016,12:03:53,7285.2,F,357
2,2,3,1,D,c2-015,DM4031,14/07/2016,12:03:53,9847.2,F,28139
2,2,3,1,D,c2-016,DM4032,14/07/2016,12:03:53,5941.6,F,25120
1,2,4,1,A,c1-001,DM1001,15/07/2016,11:32:29,1117.5,F,324
1,2,4,1,A,c1-002,DM1002,15/07/2016,11:32:29,8632.6,M,391
1,2,4,1,A,c1-003,DM1003,15/07/2016,11:32:29,11280.1,M,705
1,2,4,1,A,c1-004,DM1004,15/07/2016,11:32:29,5553.2,F,301
1,2,4,1,A,c1-005,DM1005,15/07/2016,11:32:29,9656.1,F,208
1,2,4,1,A,c1-006,DM1006,15/07/2016,11:32:29,6869.9,M,375
1,2,4,1,A,c1-007,DM1007,15/07/2016,11:32:29,7253.9,M,365
1,2,4,1,A,c1-008,DM1008,15/07/2016,11:32:29,9862.6,F,25120
1,2,4,1,A,c1-009,DM1009,15/07/2016,11:32:29,8673.9,M,360
1,2,4,1,A,c1-010,DM1010,15/07/2016,11:32:29,12202.5,M,437
1,2,4,1,A,c1-011,DM1011,15/07/2016,11:32:29,8344.2,M,301
1,2,4,1,A,c1-012,DM1012,15/07/2016,11:32:29,10060,M,28138
1,2,4,1,A,c1-013,DM1013,15/07/2016,11:32:29,6010.1,F,28138
1,2,4,1,A,c1-014,DM1014,15/07/2016,11:32:29,10232.5,M,324
1,2,4,1,A,c1-015,DM1015,15/07/2016,11:32:29,4985.3,M,208
1,2,4,1,A,c1-016,DM1016,15/07/2016,11:32:29,4107,F,365
1,2,4,1,B,c2-001,DM2017,15/07/2016,11:32:29,6005.3,F,799
1,2,4,1,B,c2-002,DM2018,15/07/2016,11:32:29,8511,F,712
1,2,4,1,B,c2-003,DM2019,15/07/2016,11:32:29,11688.3,M,28139
1,2,4,1,B,c2-004,DM2020,15/07/2016,11:32:29,762.6,F,427
1,2,4,1,B,c2-005,DM2021,15/07/2016,11:32:29,8037.2,F,517
1,2,4,1,B,c2-006,DM2022,15/07/2016,11:32:29,7150.7,F,774
1,2,4,1,B,c2-007,DM2023,15/07/2016,11:32:29,10902.3,F,313
1,2,4,1,B,c2-008,DM2024,15/07/2016,11:32:29,7854.4,F,714
1,2,4,1,B,c2-009,DM2025,15/07/2016,11:32:29,9691.7,M,517
1,2,4,1,B,c2-010,DM2026,15/07/2016,11:32:29,13791.3,M,335
1,2,4,1,B,c2-011,DM2027,15/07/2016,11:32:29,8359.9,M,307
1,2,4,1,B,c2-012,DM2028,15/07/2016,11:32:29,6893.6,F,357
1,2,4,1,B,c2-013,DM2029,15/07/2016,11:32:29,7915.4,F,555
1,2,4,1,B,c2-014,DM2030,15/07/2016,11:32:29,9205.7,F,705
1,2,4,1,B,c2-015,DM2031,15/07/2016,11:32:29,5556,M,357
1,2,4,1,B,c2-016,DM2032,15/07/2016,11:32:29,9366,M,714
2,2,4,1,C,c1-001,DM3001,15/07/2016,11:35:13,2533.2,M,379
2,2,4,1,C,c1-002,DM3002,15/07/2016,11:35:13,10097.6,M,799
2,2,4,1,C,c1-003,DM3003,15/07/2016,11:35:13,14501.2,F,335
2,2,4,1,C,c1-004,DM3004,15/07/2016,11:35:13,14893,M,313
2,2,4,1,C,c1-005,DM3005,15/07/2016,11:35:13,4267.9,F,379
2,2,4,1,C,c1-006,DM3006,15/07/2016,11:35:13,11517.9,M,437
2,2,4,1,C,c1-007,DM3007,15/07/2016,11:35:13,6360.9,F,375
2,2,4,1,C,c1-008,DM3008,15/07/2016,11:35:13,8652.2,M,517
2,2,4,1,C,c1-009,DM3009,15/07/2016,11:35:13,8872.9,M,427
2,2,4,1,C,c1-010,DM3010,15/07/2016,11:35:13,15074.7,F,28139
2,2,4,1,C,c1-011,DM3011,15/07/2016,11:35:13,7742.9,M,25120
2,2,4,1,C,c1-012,DM3012,15/07/2016,11:35:13,4203.6,F,379
2,2,4,1,C,c1-013,DM3013,15/07/2016,11:35:13,8763,F,391
2,2,4,1,C,c1-014,DM3014,15/07/2016,11:35:13,9370.7,M,427
2,2,4,1,C,c1-015,DM3015,15/07/2016,11:35:13,5662.8,F,360
2,2,4,1,C,c1-016,DM3016,15/07/2016,11:35:13,2747.6,F,304
2,2,4,1,D,c2-001,DM4017,15/07/2016,11:35:13,3825.5,F,315
2,2,4,1,D,c2-002,DM4018,15/07/2016,11:35:13,2820.5,M,304
2,2,4,1,D,c2-003,DM4019,15/07/2016,11:35:13,12947,F,437
2,2,4,1,D,c2-004,DM4020,15/07/2016,11:35:13,8038.5,M,712
2,2,4,1,D,c2-005,DM4021,15/07/2016,11:35:13,4580.3,M,774
2,2,4,1,D,c2-006,DM4022,15/07/2016,11:35:13,6905,F,799
2,2,4,1,D,c2-007,DM4023,15/07/2016,11:35:13,3306.8,F,375
2,2,4,1,D,c2-008,DM4024,15/07/2016,11:35:13,10050.2,M,375
2,2,4,1,D,c2-009,DM4025,15/07/2016,11:35:13,14337,M,799
2,2,4,1,D,c2-010,DM4026,15/07/2016,11:35:13,10033.1,M,555
2,2,4,1,D,c2-011,DM4027,15/07/2016,11:35:13,7443.2,F,517
2,2,4,1,D,c2-012,DM4028,15/07/2016,11:35:13,7280.4,M,379
2,2,4,1,D,c2-013,DM4029,15/07/2016,11:35:13,6913.8,F,427
2,2,4,1,D,c2-014,DM4030,15/07/2016,11:35:13,6000.4,F,437
2,2,4,1,D,c2-015,DM4031,15/07/2016,11:35:13,3204.8,F,307
2,2,4,1,D,c2-016,DM4032,15/07/2016,11:35:13,5534.2,M,315
1,3,1,1,A,c1-001,DM1001,1/08/2016,11:18:49,10056.8,M,313
1,3,1,1,A,c1-002,DM1002,1/08/2016,11:18:49,8297.7,M,399
1,3,1,1,A,c1-003,DM1003,1/08/2016,11:18:49,4775.9,M,301
1,3,1,1,A,c1-004,DM1004,1/08/2016,11:18:49,4132.4,F,304
1,3,1,1,A,c1-006,DM1006,1/08/2016,11:18:49,7496.6,M,335
1,3,1,1,A,c1-007,DM1007,1/08/2016,11:18:49,5216.6,F,379
1,3,1,1,A,c1-008,DM1008,1/08/2016,11:18:49,5173.5,M,712
1,3,1,1,A,c1-009,DM1009,1/08/2016,11:18:49,10944,F,315
1,3,1,1,A,c1-010,DM1010,1/08/2016,11:18:49,4672.1,F,307
1,3,1,1,A,c1-011,DM1011,1/08/2016,11:18:49,9033,M,324
1,3,1,1,A,c1-012,DM1012,1/08/2016,11:18:49,9447.7,F,437
1,3,1,1,A,c1-013,DM1013,1/08/2016,11:18:49,9772.7,M,799
1,3,1,1,A,c1-014,DM1014,1/08/2016,11:18:49,10652.3,M,437
1,3,1,1,A,c1-016,DM1016,1/08/2016,11:18:49,3395.5,F,365
1,3,1,1,B,c2-001,DM2017,1/08/2016,11:18:49,6047.6,F,799
1,3,1,1,B,c2-002,DM2018,1/08/2016,11:18:49,6747.4,M,357
1,3,1,1,B,c2-003,DM2019,1/08/2016,11:18:49,7278.2,F,208
1,3,1,1,B,c2-004,DM2020,1/08/2016,11:18:49,9247.7,F,705
1,3,1,1,B,c2-005,DM2021,1/08/2016,11:18:49,10907.6,F,313
1,3,1,1,B,c2-006,DM2022,1/08/2016,11:18:49,9765.3,F,774
1,3,1,1,B,c2-007,DM2023,1/08/2016,11:18:49,10605.6,M,437
1,3,1,1,B,c2-008,DM2024,1/08/2016,11:18:49,9870.5,M,774
1,3,1,1,B,c2-009,DM2025,1/08/2016,11:18:49,6379.5,F,707
1,3,1,1,B,c2-010,DM2026,1/08/2016,11:18:49,9035.5,M,307
1,3,1,1,B,c2-011,DM2027,1/08/2016,11:18:49,7824.6,M,774
1,3,1,1,B,c2-012,DM2028,1/08/2016,11:18:49,8069.6,M,208
1,3,1,1,B,c2-013,DM2029,1/08/2016,11:18:49,4129.4,F,555
1,3,1,1,B,c2-014,DM2030,1/08/2016,11:18:49,8092.4,M,517
1,3,1,1,B,c2-015,DM2031,1/08/2016,11:18:49,8930.5,M,208
1,3,1,1,B,c2-016,DM2032,1/08/2016,11:18:49,10454.8,M,555
2,3,1,1,C,c1-001,DM3001,1/08/2016,11:21:52,11649.5,M,705
2,3,1,1,C,c1-002,DM3002,1/08/2016,11:21:52,6683.3,F,25120
2,3,1,1,C,c1-003,DM3003,1/08/2016,11:21:52,6166.4,F,357
2,3,1,1,C,c1-004,DM3004,1/08/2016,11:21:52,9780.4,M,707
2,3,1,1,C,c1-005,DM3005,1/08/2016,11:21:52,14256.4,M,28139
2,3,1,1,C,c1-007,DM3007,1/08/2016,11:21:52,5692.7,F,375
2,3,1,1,C,c1-008,DM3008,1/08/2016,11:21:52,5112.9,M,304
2,3,1,1,C,c1-009,DM3009,1/08/2016,11:21:52,6380.6,F,28138
2,3,1,1,C,c1-010,DM3010,1/08/2016,11:21:52,6540,M,379
2,3,1,1,C,c1-011,DM3011,1/08/2016,11:21:52,5698.6,F,335
2,3,1,1,C,c1-012,DM3012,1/08/2016,11:21:52,12752.2,M,315
2,3,1,1,C,c1-013,DM3013,1/08/2016,11:21:52,8673.2,F,437
2,3,1,1,C,c1-014,DM3014,1/08/2016,11:21:52,5322.3,F,427
2,3,1,1,C,c1-015,DM3015,1/08/2016,11:21:52,9596.8,M,28139
2,3,1,1,C,c1-016,DM3016,1/08/2016,11:21:52,6532.7,M,365
2,3,1,1,D,c2-001,DM4017,1/08/2016,11:21:52,11264.5,F,324
2,3,1,1,D,c2-002,DM4018,1/08/2016,11:21:52,3200.9,F,391
2,3,1,1,D,c2-003,DM4019,1/08/2016,11:21:52,8119.4,M,375
2,3,1,1,D,c2-004,DM4020,1/08/2016,11:21:52,4987.9,F,28139
2,3,1,1,D,c2-005,DM4021,1/08/2016,11:21:52,9830.2,F,517
2,3,1,1,D,c2-006,DM4022,1/08/2016,11:21:52,10301.3,F,208
2,3,1,1,D,c2-007,DM4023,1/08/2016,11:21:52,4759.8,F,399
2,3,1,1,D,c2-008,DM4024,1/08/2016,11:21:52,5077.5,F,712
2,3,1,1,D,c2-009,DM4025,1/08/2016,11:21:52,9027.1,F,28139
2,3,1,1,D,c2-010,DM4026,1/08/2016,11:21:52,4178,F,301
2,3,1,1,D,c2-011,DM4027,1/08/2016,11:21:52,10805.1,M,25120
2,3,1,1,D,c2-013,DM4029,1/08/2016,11:21:52,12199.1,M,28138
2,3,1,1,D,c2-014,DM4030,1/08/2016,11:21:52,10571.5,M,427
2,3,1,1,D,c2-015,DM4031,1/08/2016,11:21:52,6226.8,M,391
2,3,1,1,D,c2-016,DM4032,1/08/2016,11:21:52,25207,F,774
1,3,2,1,A,c1-001,DM1001,2/08/2016,11:16:42,3554,F,427
1,3,2,1,A,c1-002,DM1002,2/08/2016,11:16:42,2483.3,F,324
1,3,2,1,A,c1-003,DM1003,2/08/2016,11:16:42,4349.1,F,307
1,3,2,1,A,c1-004,DM1004,2/08/2016,11:16:42,9394.6,M,486
1,3,2,1,A,c1-005,DM1005,2/08/2016,11:16:42,7674.2,F,517
1,3,2,1,A,c1-006,DM1006,2/08/2016,11:16:42,6153,F,707
1,3,2,1,A,c1-007,DM1007,2/08/2016,11:16:42,6797.8,M,315
1,3,2,1,A,c1-008,DM1008,2/08/2016,11:16:42,6030,F,427
1,3,2,1,A,c1-009,DM1009,2/08/2016,11:16:42,5813.6,F,28139
1,3,2,1,A,c1-010,DM1010,2/08/2016,11:16:42,4981.5,M,712
1,3,2,1,A,c1-011,DM1011,2/08/2016,11:16:42,3151.1,F,208
1,3,2,1,A,c1-012,DM1012,2/08/2016,11:16:42,6106.6,F,360
1,3,2,1,A,c1-013,DM1013,2/08/2016,11:16:42,7304.6,F,25120
1,3,2,1,A,c1-014,DM1014,2/08/2016,11:16:42,7148.5,F,301
1,3,2,1,A,c1-015,DM1015,2/08/2016,11:16:42,6853.4,M,360
1,3,2,1,A,c1-016,DM1016,2/08/2016,11:16:42,6341.3,M,555
1,3,2,1,B,c2-001,DM2017,2/08/2016,11:16:42,8662.9,F,774
1,3,2,1,B,c2-002,DM2018,2/08/2016,11:16:42,5677,M,365
1,3,2,1,B,c2-003,DM2019,2/08/2016,11:16:42,6751.8,F,28138
1,3,2,1,B,c2-004,DM2020,2/08/2016,11:16:42,8461.2,M,335
1,3,2,1,B,c2-005,DM2021,2/08/2016,11:16:42,8128.6,F,799
1,3,2,1,B,c2-006,DM2022,2/08/2016,11:16:42,3360.2,F,555
1,3,2,1,B,c2-007,DM2023,2/08/2016,11:16:42,4063.4,F,379
1,3,2,1,B,c2-008,DM2024,2/08/2016,11:16:42,3029.3,M,427
1,3,2,1,B,c2-009,DM2025,2/08/2016,11:16:42,9487,M,307
1,3,2,1,B,c2-010,DM2026,2/08/2016,11:16:42,5880.9,M,517
1,3,2,1,B,c2-011,DM2027,2/08/2016,11:16:42,2437.5,F,304
1,3,2,1,B,c2-012,DM2028,2/08/2016,11:16:42,6280.4,F,486
1,3,2,1,B,c2-013,DM2029,2/08/2016,11:16:42,8409.1,M,799
1,3,2,1,B,c2-014,DM2030,2/08/2016,11:16:42,5481.5,M,714
1,3,2,1,B,c2-015,DM2031,2/08/2016,11:16:42,9596.8,M,774
1,3,2,1,B,c2-016,DM2032,2/08/2016,11:16:42,7706.9,M,486
2,3,2,1,C,c1-001,DM3001,2/08/2016,11:19:42,10610.5,F,774
2,3,2,1,C,c1-002,DM3002,2/08/2016,11:19:42,11844.5,M,28139
2,3,2,1,C,c1-003,DM3003,2/08/2016,11:19:42,7882.5,F,315
2,3,2,1,C,c1-004,DM3004,2/08/2016,11:19:42,6546.3,M,799
2,3,2,1,C,c1-005,DM3005,2/08/2016,11:19:42,6560.5,F,335
2,3,2,1,C,c1-006,DM3006,2/08/2016,11:19:42,8933.9,M,324
2,3,2,1,C,c1-007,DM3007,2/08/2016,11:19:42,2505.2,M,304
2,3,2,1,C,c1-008,DM3008,2/08/2016,11:19:42,6895.2,F,517
2,3,2,1,C,c1-009,DM3009,2/08/2016,11:19:42,10121.4,F,712
2,3,2,1,C,c1-010,DM3010,2/08/2016,11:19:42,7800.6,M,208
2,3,2,1,C,c1-011,DM3011,2/08/2016,11:19:42,6465.3,F,486
2,3,2,1,C,c1-012,DM3012,2/08/2016,11:19:42,7673.3,F,705
2,3,2,1,C,c1-013,DM3013,2/08/2016,11:19:42,9617.1,M,391
2,3,2,1,C,c1-014,DM3014,2/08/2016,11:19:42,1926.3,F,304
2,3,2,1,C,c1-015,DM3015,2/08/2016,11:19:42,8096.4,F,313
2,3,2,1,C,c1-016,DM3016,2/08/2016,11:19:42,5556.3,F,375
2,3,2,1,D,c2-001,DM4017,2/08/2016,11:19:42,7745.6,M,774
2,3,2,1,D,c2-002,DM4018,2/08/2016,11:19:42,8433.8,M,707
2,3,2,1,D,c2-003,DM4019,2/08/2016,11:19:42,6568.4,F,391
2,3,2,1,D,c2-004,DM4020,2/08/2016,11:19:42,7488.1,F,714
2,3,2,1,D,c2-005,DM4021,2/08/2016,11:19:42,3689.3,M,304
2,3,2,1,D,c2-006,DM4022,2/08/2016,11:19:42,10726.9,F,799
2,3,2,1,D,c2-007,DM4023,2/08/2016,11:19:42,8225.9,M,28138
2,3,2,1,D,c2-008,DM4024,2/08/2016,11:19:42,10950.3,M,517
2,3,2,1,D,c2-009,DM4025,2/08/2016,11:19:42,12169.1,M,427
2,3,2,1,D,c2-010,DM4026,2/08/2016,11:19:42,10897.5,M,705
2,3,2,1,D,c2-011,DM4027,2/08/2016,11:19:42,6048.2,M,379
2,3,2,1,D,c2-012,DM4028,2/08/2016,11:19:42,8740.8,M,301
2,3,2,1,D,c2-013,DM4029,2/08/2016,11:19:42,9777,M,25120
2,3,2,1,D,c2-014,DM4030,2/08/2016,11:19:42,5744.7,M,375
2,3,2,1,D,c2-015,DM4031,2/08/2016,11:19:42,5149.7,F,365
2,3,2,1,D,c2-016,DM4032,2/08/2016,11:19:42,10341.8,F,313
1,3,3,1,A,c1-001,DM1001,3/08/2016,11:52:40,6157.4,M,28138
1,3,3,1,A,c1-002,DM1002,3/08/2016,11:52:40,10820.8,F,324
1,3,3,1,A,c1-003,DM1003,3/08/2016,11:52:40,5778.9,F,380
1,3,3,1,A,c1-004,DM1004,3/08/2016,11:52:40,1578.3,F,714
1,3,3,1,A,c1-005,DM1005,3/08/2016,11:52:40,5804,F,714
1,3,3,1,A,c1-006,DM1006,3/08/2016,11:52:40,9014.3,M,427
1,3,3,1,A,c1-007,DM1007,3/08/2016,11:52:40,7891.8,F,705
1,3,3,1,A,c1-008,DM1008,3/08/2016,11:52:40,3399.8,F,391
1,3,3,1,A,c1-009,DM1009,3/08/2016,11:52:40,5470.1,F,712
1,3,3,1,A,c1-010,DM1010,3/08/2016,11:52:40,11846.1,M,313
1,3,3,1,A,c1-011,DM1011,3/08/2016,11:52:40,7629.3,M,380
1,3,3,1,A,c1-012,DM1012,3/08/2016,11:52:40,6719.6,F,707
1,3,3,1,A,c1-013,DM1013,3/08/2016,11:52:40,3722.2,F,357
1,3,3,1,A,c1-014,DM1014,3/08/2016,11:52:40,5776.6,F,313
1,3,3,1,A,c1-015,DM1015,3/08/2016,11:52:40,7225.6,F,335
1,3,3,1,A,c1-016,DM1016,3/08/2016,11:52:40,7114.9,M,357
1,3,3,1,B,c2-001,DM2017,3/08/2016,11:52:40,3085.3,F,555
1,3,3,1,B,c2-002,DM2018,3/08/2016,11:52:40,5387.1,F,301
1,3,3,1,B,c2-003,DM2019,3/08/2016,11:52:40,8145.8,M,799
1,3,3,1,B,c2-004,DM2020,3/08/2016,11:52:40,5920.1,M,486
1,3,3,1,B,c2-005,DM2021,3/08/2016,11:52:40,8481,F,360
1,3,3,1,B,c2-006,DM2022,3/08/2016,11:52:40,7205.1,F,437
1,3,3,1,B,c2-007,DM2023,3/08/2016,11:52:40,3714.2,M,555
1,3,3,1,B,c2-008,DM2024,3/08/2016,11:52:40,7401.7,M,360
1,3,3,1,B,c2-009,DM2025,3/08/2016,11:52:40,8053.1,F,705
1,3,3,1,B,c2-010,DM2026,3/08/2016,11:52:40,10232.7,M,714
1,3,3,1,B,c2-011,DM2027,3/08/2016,11:52:40,8448.2,M,705
1,3,3,1,B,c2-012,DM2028,3/08/2016,11:52:40,4620.4,F,707
1,3,3,1,B,c2-013,DM2029,3/08/2016,11:52:40,3336.1,F,379
1,3,3,1,B,c2-014,DM2030,3/08/2016,11:52:40,2128.3,M,712
1,3,3,1,B,c2-015,DM2031,3/08/2016,11:52:40,9389.2,M,707
1,3,3,1,B,c2-016,DM2032,3/08/2016,11:52:40,11218.9,M,707
3,3,3,1,C,c1-001,DM1001,3/08/2016,11:53:01,5461.2,F,324
3,3,3,1,C,c1-002,DM1002,3/08/2016,11:53:01,8303.6,F,360
3,3,3,1,C,c1-003,DM1003,3/08/2016,11:53:01,6941.5,F,427
3,3,3,1,C,c1-004,DM1004,3/08/2016,11:53:01,2585.6,F,25120
3,3,3,1,C,c1-005,DM1005,3/08/2016,11:53:01,7774.5,M,335
3,3,3,1,C,c1-006,DM1006,3/08/2016,11:53:01,7772.5,F,315
3,3,3,1,C,c1-007,DM1007,3/08/2016,11:53:01,9246.3,M,427
3,3,3,1,C,c1-008,DM1008,3/08/2016,11:53:01,4696.3,M,714
3,3,3,1,C,c1-009,DM1009,3/08/2016,11:53:01,10081.1,M,324
3,3,3,1,C,c1-010,DM1010,3/08/2016,11:53:01,4537.5,F,486
3,3,3,1,C,c1-011,DM1011,3/08/2016,11:53:01,9990.8,M,380
3,3,3,1,C,c1-012,DM1012,3/08/2016,11:53:01,6073.7,M,360
3,3,3,1,C,c1-013,DM1013,3/08/2016,11:53:01,7710.6,M,28139
3,3,3,1,C,c1-014,DM1014,3/08/2016,11:53:01,2891,M,379
3,3,3,1,C,c1-015,DM1015,3/08/2016,11:53:01,6637.2,M,714
3,3,3,1,C,c1-016,DM1016,3/08/2016,11:53:01,6067.5,F,380
3,3,3,1,D,c2-001,DM2017,3/08/2016,11:53:01,8783.5,M,391
3,3,3,1,D,c2-002,DM2018,3/08/2016,11:53:01,6661.4,F,28139
3,3,3,1,D,c2-003,DM2019,3/08/2016,11:53:01,3280.7,F,307
3,3,3,1,D,c2-004,DM2020,3/08/2016,11:53:01,4179.9,F,486
3,3,3,1,D,c2-005,DM2021,3/08/2016,11:53:01,11573.8,M,437
3,3,3,1,D,c2-006,DM2022,3/08/2016,11:53:01,8010.8,M,301
3,3,3,1,D,c2-007,DM2023,3/08/2016,11:53:01,7099.7,F,799
3,3,3,1,D,c2-008,DM2024,3/08/2016,11:53:01,1228.5,M,705
3,3,3,1,D,c2-009,DM2025,3/08/2016,11:53:01,8812.7,M,307
3,3,3,1,D,c2-010,DM2026,3/08/2016,11:53:01,4763.3,F,427
3,3,3,1,D,c2-011,DM2027,3/08/2016,11:53:01,5076,F,365
3,3,3,1,D,c2-012,DM2028,3/08/2016,11:53:01,10121.7,M,315
3,3,3,1,D,c2-013,DM2029,3/08/2016,11:53:01,3250.1,M,365
3,3,3,1,D,c2-014,DM2030,3/08/2016,11:53:01,5322.8,F,28138
3,3,3,1,D,c2-015,DM2031,3/08/2016,11:53:01,2804.4,M,324
3,3,3,1,D,c2-016,DM2032,3/08/2016,11:53:01,6681,M,486
1,3,4,1,A,c1-001,DM1001,4/08/2016,11:30:16,2476,F,25120
1,3,4,1,A,c1-002,DM1002,4/08/2016,11:30:16,6911.3,F,365
1,3,4,1,A,c1-003,DM1003,4/08/2016,11:30:16,9823.4,M,313
1,3,4,1,A,c1-004,DM1004,4/08/2016,11:30:16,11032.2,M,301
1,3,4,1,A,c1-005,DM1005,4/08/2016,11:30:16,6449,F,375
1,3,4,1,A,c1-006,DM1006,4/08/2016,11:30:16,9855,M,712
1,3,4,1,A,c1-007,DM1007,4/08/2016,11:30:16,8161.6,M,208
1,3,4,1,A,c1-008,DM1008,4/08/2016,11:30:16,5769.6,F,307
1,3,4,1,A,c1-009,DM1009,4/08/2016,11:30:16,8145.1,M,25120
1,3,4,1,A,c1-010,DM1010,4/08/2016,11:30:16,4732.1,M,307
1,3,4,1,A,c1-011,DM1011,4/08/2016,11:30:16,11034.5,F,360
1,3,4,1,A,c1-012,DM1012,4/08/2016,11:30:16,11894.6,M,799
1,3,4,1,A,c1-013,DM1013,4/08/2016,11:30:16,7679.8,M,555
1,3,4,1,A,c1-014,DM1014,4/08/2016,11:30:16,7050.3,F,391
1,3,4,1,A,c1-015,DM1015,4/08/2016,11:30:16,6969.7,M,304
1,3,4,1,A,c1-016,DM1016,4/08/2016,11:30:16,6613.4,F,707
1,3,4,1,B,c2-001,DM2017,4/08/2016,11:30:16,8553.7,F,437
1,3,4,1,B,c2-002,DM2018,4/08/2016,11:30:16,6495.6,M,391
1,3,4,1,B,c2-003,DM2019,4/08/2016,11:30:16,5397.3,F,357
1,3,4,1,B,c2-004,DM2020,4/08/2016,11:30:16,8608.4,F,28139
1,3,4,1,B,c2-005,DM2021,4/08/2016,11:30:16,8110.9,M,379
1,3,4,1,B,c2-006,DM2022,4/08/2016,11:30:16,5089.8,F,357
1,3,4,1,B,c2-007,DM2023,4/08/2016,11:30:16,7262.7,M,427
1,3,4,1,B,c2-008,DM2024,4/08/2016,11:30:16,8396.9,M,391
1,3,4,1,B,c2-009,DM2025,4/08/2016,11:30:16,8075.5,F,208
1,3,4,1,B,c2-010,DM2026,4/08/2016,11:30:16,11614.6,F,313
1,3,4,1,B,c2-011,DM2027,4/08/2016,11:30:16,9095.6,M,357
1,3,4,1,B,c2-012,DM2028,4/08/2016,11:30:16,6501.3,F,714
1,3,4,1,B,c2-013,DM2029,4/08/2016,11:30:16,9245.2,F,315
1,3,4,1,B,c2-014,DM2030,4/08/2016,11:30:16,13997,M,315
1,3,4,1,B,c2-015,DM2031,4/08/2016,11:30:16,5122.8,F,555
1,3,4,1,B,c2-016,DM2032,4/08/2016,11:30:16,9135.3,M,707
3,3,4,1,C,c1-001,DM1001,4/08/2016,11:30:28,8278.7,M,380
3,3,4,1,C,c1-002,DM1002,4/08/2016,11:30:28,9579.9,M,437
3,3,4,1,C,c1-003,DM1003,4/08/2016,11:30:28,13579.8,M,705
3,3,4,1,C,c1-004,DM1004,4/08/2016,11:30:28,8951.2,F,712
3,3,4,1,C,c1-005,DM1005,4/08/2016,11:30:28,5757.3,F,380
3,3,4,1,C,c1-006,DM1006,4/08/2016,11:30:28,8593.3,M,335
3,3,4,1,C,c1-007,DM1007,4/08/2016,11:30:28,5485.4,M,357
3,3,4,1,C,c1-008,DM1008,4/08/2016,11:30:28,7608.4,M,375
3,3,4,1,C,c1-009,DM1009,4/08/2016,11:30:28,5702.4,F,375
3,3,4,1,C,c1-010,DM1010,4/08/2016,11:30:28,8396.3,F,427
3,3,4,1,C,c1-011,DM1011,4/08/2016,11:30:28,3868.8,F,379
3,3,4,1,C,c1-012,DM1012,4/08/2016,11:30:28,5087.4,F,301
3,3,4,1,C,c1-013,DM1013,4/08/2016,11:30:28,4885.7,M,304
3,3,4,1,C,c1-014,DM1014,4/08/2016,11:30:28,6940.4,F,208
3,3,4,1,C,c1-015,DM1015,4/08/2016,11:30:28,9017.6,F,705
3,3,4,1,C,c1-016,DM1016,4/08/2016,11:30:28,7741.4,M,714
3,3,4,1,D,c2-001,DM2017,4/08/2016,11:30:28,6895.9,F,380
3,3,4,1,D,c2-002,DM2018,4/08/2016,11:30:28,4350.7,F,304
3,3,4,1,D,c2-003,DM2019,4/08/2016,11:30:28,4743.4,F,555
3,3,4,1,D,c2-004,DM2020,4/08/2016,11:30:28,5474.6,M,365
3,3,4,1,D,c2-005,DM2021,4/08/2016,11:30:28,6986.7,M,208
3,3,4,1,D,c2-006,DM2022,4/08/2016,11:30:28,8554.7,M,555
3,3,4,1,D,c2-007,DM2023,4/08/2016,11:30:28,8377.8,M,360
3,3,4,1,D,c2-008,DM2024,4/08/2016,11:30:28,8186.8,M,28139
3,3,4,1,D,c2-009,DM2025,4/08/2016,11:30:28,8044.6,F,799
3,3,4,1,D,c2-010,DM2026,4/08/2016,11:30:28,7426.8,M,375
3,3,4,1,D,c2-011,DM2027,4/08/2016,11:30:28,6123.9,M,28138
3,3,4,1,D,c2-012,DM2028,4/08/2016,11:30:28,7505.4,F,335
3,3,4,1,D,c2-013,DM2029,4/08/2016,11:30:28,5014.4,F,391
3,3,4,1,D,c2-014,DM2030,4/08/2016,11:30:28,2814.2,F,304
3,3,4,1,D,c2-015,DM2031,4/08/2016,11:30:28,6967.3,F,28138
3,3,4,1,D,c2-016,DM2032,4/08/2016,11:30:28,9499.3,M,380